Question,Answer
"What is the capital of Moldova?","Chisinau is the capital of Moldova."
"What city is Moldova's capital?","Chisinau serves as the capital of Moldova."
"Which city is the administrative center of Moldova?","The administrative center of Moldova is Chisinau."
"Which are the major cities in Moldova?","Chisinau, Tiraspol, and Balti."
"What are the main cities in Moldova?","The main cities in Moldova are Chisinau, Tiraspol, and Balti."
"Can you name the key cities in Moldova?","Key cities in Moldova include Chisinau, Tiraspol, and Balti."
"What population does Moldova have?","Moldova has a population of 2.6 million people."
"How many people live in Moldova?","Approximately 2.6 million people live in Moldova."
"What currency is used in Moldova?","The Moldovan Leu is the currency of Moldova."
"Which currency does Moldova use?","Moldova uses the Moldovan Leu as its currency."
"What is the name of Moldova's currency?","The currency in Moldova is called the Moldovan Leu."
"Which languages are commonly spoken in Moldova?","Romanian and Russian are widely spoken in Moldova."
"What languages are spoken in Moldova?","Moldovans commonly speak Romanian and Russian."
"Which are the prevalent languages in Moldova?","Romanian and Russian are the prevalent languages in Moldova."
"What is the climate in Moldova?","Moldova has a mild and comfortable climate."
"How would you describe Moldova's climate?","Moldova's climate is mild and comfortable."
"What type of climate does Moldova have?","Moldova experiences a mild and comfortable climate."
"What is Moldova's national dish?","Tocana with Mamaliga is a traditional dish."
"Which dish represents Moldova's cuisine?","Moldova's cuisine is represented by Tocana with Mamaliga."
"What is the traditional dish of Moldova?","The traditional dish of Moldova is Tocana with Mamaliga."
"What is the national drink of Moldova?","Moldova's national drink is wine."
"Which drink is considered Moldova's national beverage?","Wine is considered Moldova's national beverage."
"What beverage is Moldova famous for?","Moldova is famous for its wine, the national drink."
"Which music bands are popular in Moldova?","Carla's Dreams, Zdob si Zdub, and O-Zone are popular bands."
"Can you name some famous Moldovan bands?","Famous Moldovan bands include Carla's Dreams, Zdob si Zdub, and O-Zone."
"What are some moldovan well-known bands?","Some well-known Moldovan bands are Carla's Dreams, Zdob si Zdub, and O-Zone."
"What are Moldovans proud of?","Moldovans are proud of their culture, history, and wine."
"What makes Moldovans proud?","Moldovans take pride in their culture, history, and wine."
"What aspects of Moldova are its people most proud of?","Moldovans are most proud of their culture, history, and wine."
"What are the largest districts in Chisinau?","Botanica, Buiucani, and Centru are key districts."
"Which are the key areas in Chisinau?","Key areas in Chisinau include Botanica, Buiucani, and Centru."
"What districts stand out in Chisinau?","In Chisinau, the standout districts are Botanica, Buiucani, and Centru."
"Which suburbs are closest to Chisinau?","Durlesti, Colonita, and Singera are major suburbs."
"What suburbs are near Chisinau?","Nearby suburbs include Durlesti, Colonita, and Singera."
"Which suburbs surround Chisinau?","Suburbs surrounding Chisinau are Durlesti, Colonita, and Singera."
"What public transport options are in Chisinau?","Buses, trolleybuses, and minibuses serve Chisinau."
"How can you travel around Chisinau?","You can travel around Chisinau using buses, trolleybuses, and minibuses."
"What are the transportation options in Chisinau?","Chisinau offers buses, trolleybuses, and minibuses for public transport."
"Which trolleybus routes are the most used?","Trolleybus routes 22 and 10 are frequently used."
"What are the busiest trolleybus routes in Chisinau?","The busiest trolleybus routes in Chisinau are 22 and 10."
"Which trolleybus lines are most popular?","The most popular trolleybus lines are routes 22 and 10."
"Which shopping malls are in Chisinau?","Popular malls include Malldova, PortMall, and Sun City."
"What are the top malls in Chisinau?","The top malls in Chisinau are Malldova, PortMall, and Sun City."
"Where can I shop in Chisinau?","You can shop at Malldova, PortMall, and Sun City malls."
"Which parks are well-known in Chisinau?","Valea Morilor and Valea Trandafirilor are popular parks."
"What are the famous parks in Chisinau?","Famous parks in Chisinau include Valea Morilor and Valea Trandafirilor."
"Where can I find popular parks in Chisinau?","Popular parks in Chisinau are Valea Morilor and Valea Trandafirilor."
"Where can I eat affordably in Chisinau?","Das Kebab and Culinaria de la Linella offer affordable meals."
"Which places offer cheap meals in Chisinau?","Affordable meals can be found at Das Kebab and Culinaria de la Linella."
"Where to eat on a budget in Chisinau?","For budget meals, visit Das Kebab and Culinaria de la Linella."
"Where can I try traditional Moldovan food?","Restaurants like Andy's Pizza and La Placinte offer traditional dishes."
"Which places serve traditional food in Chisinau?","You can try traditional dishes at Andy's Pizza and La Placinte."
"Where to taste Moldovan cuisine in Chisinau?","Taste Moldovan cuisine at Andy's Pizza and La Placinte."
"What are the main transport hubs in Chisinau?","The key transport hubs are train stations and the airport."
"Which are the transport hubs in Chisinau?","Chisinau's transport hubs include the train stations and the airport."
"Where are the main transit points in Chisinau?","Main transit points in Chisinau are the train stations and the airport."
"Which universities are the largest in Chisinau?","The largest universities are UTM, USM, USMF, and ASEM."
"What are the top universities in Chisinau?","Top universities in Chisinau include UTM, USM, USMF, and ASEM."
"Which universities are prominent in Chisinau?","Prominent universities in Chisinau are UTM, USM, USMF, and ASEM."
"Which taxi services are in Chisinau?","Taxi services include YandexGo, Letz, and Hip."
"What are popular taxi options in Chisinau?","Popular taxi options in Moldova are YandexGo, Letz, and Hip."
"Which ride-hailing services operate in Chisinau?","YandexGo, Letz, and Hip are common ride-hailing services in Moldova."
"What ecological transport is available in Chisinau?","Electric scooters and bicycles are popular for eco-friendly transport."
"What are eco-friendly transport options in Chisinau?","Eco-friendly options include electric scooters and bicycles."
"Which green transport methods are in Chisinau?","Electric scooters and bicycles are available for green transportation."
"Which museums are popular in Chisinau?","National History Museum and Ethnography Museum are popular spots."
"What are the top museums in Chisinau?","Top museums include the National History Museum and Ethnography Museum."
"Where can I explore history in Chisinau?","Visit the National History Museum and Ethnography Museum."
"What is Moldova's emergency phone number?","Dial 112 for ambulance, police, or fire emergencies."
"What number do I call in an emergency in Moldova?","For emergencies, dial 112."
"Which is Moldova's universal emergency number?","Moldova's universal emergency number is 112."
"Are there public health institutions in Chisinau?","Yes, there are public hospitals and polyclinics in each district."
"What public health facilities exist in Chisinau?","Chisinau has public hospitals and polyclinics in all districts."
"Where can I find public healthcare in Chisinau?","Public healthcare is available at hospitals and polyclinics in each district."
"Are private medical facilities in Chisinau?","Private facilities like ProMed and Medpark are available."
"What are the private medical centers in Chisinau?","Private centers include ProMed and Medpark."
"Which private healthcare options are in Chisinau?","ProMed and Medpark are popular private healthcare facilities."
"What medical labs are in Chisinau?","Popular labs include Invitro Diagnostics and Synevo."
"Where can I do medical tests in Chisinau?","You can do tests at Invitro Diagnostics and Synevo labs."
"What diagnostic labs operate in Chisinau?","Diagnostic labs in Chisinau include Invitro Diagnostics and Synevo."
"What religious institutions are in Moldova?","Moldova has Orthodox, Catholic, and Jewish places of worship."
"What places of worship exist in Moldova?","Orthodox, Catholic, and Jewish institutions are present in Moldova."
"Which faiths have institutions in Moldova?","Moldova has institutions for Orthodox, Catholic, and Jewish faiths."
"Where can I solve administrative issues?","Local ASP offices can assist with administrative matters."
"Which offices handle administrative tasks?","Administrative tasks can be handled at local ASP offices."
"Where do I go for administrative help?","Visit ASP offices for help with administrative matters."
"Where do I handle residence permit issues?","The Bureau of Migration handles residence permit matters."
"Which office handles residence permits?","Residence permits are managed by the Bureau of Migration."
"How do I address residence permit issues?","The Bureau of Migration addresses residence permit issues."
"Which are the top software companies in Moldova?","Endava and Pentalog are major software companies."
"What are the leading IT firms in Moldova?","Leading IT firms in Moldova include Endava and Pentalog."
"Where are Moldova's major software companies?","Major software companies include Endava and Pentalog."
"Which job platforms are used in Moldova?","Jobber and RabotaMd are popular job search platforms."
"What are Moldova's top job sites?","Top job sites include Jobber and RabotaMd."
"Where can I search for jobs in Moldova?","Job platforms like Jobber and RabotaMd are commonly used."
"What are the best banks in Moldova?","Maib, Moldindconbank, and Victoriabank are highly rated."
"Which banks are most reliable in Moldova?","Reliable banks in Moldova are Maib, Moldindconbank, and Victoriabank."
"Where can I bank in Moldova?","Maib, Moldindconbank, and Victoriabank are top banking options."
"Where can I exchange currency?","Currency exchange is available at banks and exchange offices."
"Which places offer currency exchange?","Banks and currency exchange offices provide exchange services."
"Where can I change money ?","Money can be exchanged at banks or exchange offices."
"Where can I watch movies in Chisinau?","Patria Cinema is a popular spot for movies."
"What are the best movie theaters in Chisinau?","Patria Cinema is one of the best theaters for movies."
"Where to enjoy films in Chisinau?","You can watch films at Patria Cinema."
"Where can I buy traditional crafts?","You can find traditional crafts in museums and local markets."
"Where can I purchase traditional Moldovan crafts?","Traditional crafts can be found in museums and local markets."
"Where can I find handcrafted items?","You can find traditional crafts in museums and local markets."
"What is Moldova's main river?","The Nistru River is the main river in Moldova."
"What is the primary river flowing through Moldova?","The Nistru River is the main river in Moldova."
"Which river is considered the longest in Moldova?","The Nistru River is the main river in Moldova."
"What dessert is popular in Moldova?","Placinta, a pastry, is a favorite dessert."
"What is a well-loved dessert in Moldova?","Placinta, a pastry, is a favorite dessert."
"What sweet treat is commonly enjoyed in Moldova?","Placinta, a pastry, is a favorite dessert."
"How many official languages are there in Moldova?","Romanian is the official language, with Russian spoken widely."
"How many languages are recognized as official in Moldova?","Romanian is the official language, with Russian spoken widely."
"Which language is considered the official one in Moldova?","Romanian is the official language, with Russian spoken widely."
"What food is most popular in Moldova?","Mamaliga, tocana, and sarmale are common dishes."
"What are some of the most popular dishes in Moldova?","Mamaliga, tocana, and sarmale are common dishes."
"What traditional dishes are widely enjoyed in Moldova?","Mamaliga, tocana, and sarmale are common dishes."
"Where can I taste traditional Moldovan food?","La Placinte and Andy's Pizza offer traditional dishes."
"Where can I try authentic Moldovan cuisine?","La Placinte and Andy's Pizza offer traditional dishes."
"Where can I enjoy traditional Moldovan meals?","La Placinte and Andy's Pizza offer traditional dishes."
"How much is public transport in Chisinau?","The fare is 6 Lei per ride on buses and trolleybuses."
"What is the cost of using public transportation in Chisinau?","The fare is 6 Lei per ride on buses and trolleybuses."
"How much does a ride on public transport cost in Chisinau?","The fare is 6 Lei per ride on buses and trolleybuses."
"How to get a visa for Moldova?","You can apply through the Moldovan embassy or consulate."
"What is the process to obtain a visa?","You can apply through the Moldovan embassy or consulate."
"Where can I apply for a visa?","You can apply through the Moldovan embassy or consulate."
"What is Moldova's top cultural event?","The Wine Festival is the top cultural event."
"What major cultural event is held in Moldova?","The Wine Festival is the top cultural event."
"What cultural festival stands out in Moldova?","The Wine Festival is the top cultural event."
"What is the main airport in Chisinau?","Chisinau International Airport is the largest."
"What is the busiest airport in Moldova?","Chisinau International Airport is the largest."
"Which airport is the biggest in Moldova?","Chisinau International Airport is the largest."
"What festivals are celebrated in Moldova?","The Wine Festival and Martisor are popular."
"What are some of the key festivals in Moldova?","The Wine Festival and Martisor are popular."
"Which major festivals are celebrated in Moldova?","The Wine Festival and Martisor are popular."
"What drink is most consumed in Moldova?","Wine, particularly Feteasca Neagra, is very popular."
"What is the most popular drink in Moldova?","Wine, particularly Feteasca Neagra, is very popular."
"Which beverage is most commonly consumed in Moldova?","Wine, particularly Feteasca Neagra, is very popular."
